{"cameraMode":{"drawMode":0,"name":"Shaded","section":"Shading Mode"},"sceneLighting":true,"audioPlay":false,"sceneViewState":{"showFog":true,"showMaterialUpdate":false,"showSkybox":true,"showFlares":true,"showImageEffects":true,"showParticleSystems":true},"in2DMode":false,"pivot":{"x":-2.6864514350891115,"y":0.3517122268676758,"z":-5.499335289001465},"rotation":{"x":-0.12440279871225357,"y":0.03630618005990982,"z":-0.004554321523755789,"w":-0.9915569424629211},"size":14.240078926086426,"orthographic":false}