{"cameraMode":{"drawMode":0,"name":"Shaded","section":"Shading Mode"},"sceneLighting":true,"audioPlay":false,"sceneViewState":{"showFog":true,"showMaterialUpdate":false,"showSkybox":true,"showFlares":true,"showImageEffects":true,"showParticleSystems":true},"in2DMode":false,"pivot":{"x":-5.356198310852051,"y":-0.08376908302307129,"z":-5.783647537231445},"rotation":{"x":-0.058772359043359759,"y":0.011079370975494385,"z":-0.0006516723078675568,"w":-0.9982097744941711},"size":14.238446235656739,"orthographic":false}